{
  "Total" : {
    "transaction" : "Total",
    "sampleCount" : 610,
    "errorCount" : 0,
    "errorPct" : 0.0,
    "meanResTime" : 164.6426229508195,
    "medianResTime" : 100.5,
    "minResTime" : 74.0,
    "maxResTime" : 724.0,
    "pct1ResTime" : 443.0,
    "pct2ResTime" : 456.0,
    "pct3ResTime" : 539.67,
    "throughput" : 2.620286169614131,
    "receivedKBytesPerSec" : 1.4111220945966263,
    "sentKBytesPerSec" : 1.63142010382347
  },
  "Auth" : {
    "transaction" : "Auth",
    "sampleCount" : 100,
    "errorCount" : 0,
    "errorPct" : 0.0,
    "meanResTime" : 463.9399999999999,
    "medianResTime" : 445.0,
    "minResTime" : 422.0,
    "maxResTime" : 724.0,
    "pct1ResTime" : 529.4000000000001,
    "pct2ResTime" : 548.55,
    "pct3ResTime" : 723.5699999999998,
    "throughput" : 1.522742154071051,
    "receivedKBytesPerSec" : 0.8372107741621111,
    "sentKBytesPerSec" : 0.49670540459259027
  },
  "3. 시험 시작" : {
    "transaction" : "3. 시험 시작",
    "sampleCount" : 102,
    "errorCount" : 0,
    "errorPct" : 0.0,
    "meanResTime" : 94.0392156862745,
    "medianResTime" : 91.0,
    "minResTime" : 74.0,
    "maxResTime" : 191.0,
    "pct1ResTime" : 104.10000000000001,
    "pct2ResTime" : 117.39999999999998,
    "pct3ResTime" : 190.27999999999997,
    "throughput" : 0.8631267188491644,
    "receivedKBytesPerSec" : 0.40290485508779356,
    "sentKBytesPerSec" : 0.6274129997884493
  },
  "5. 재응시" : {
    "transaction" : "5. 재응시",
    "sampleCount" : 102,
    "errorCount" : 0,
    "errorPct" : 0.0,
    "meanResTime" : 94.51960784313725,
    "medianResTime" : 91.0,
    "minResTime" : 76.0,
    "maxResTime" : 176.0,
    "pct1ResTime" : 105.0,
    "pct2ResTime" : 143.4499999999998,
    "pct3ResTime" : 175.76,
    "throughput" : 0.8532994244411725,
    "receivedKBytesPerSec" : 0.3199872841654397,
    "sentKBytesPerSec" : 0.62350463458707
  },
  "1. 과목 정보" : {
    "transaction" : "1. 과목 정보",
    "sampleCount" : 102,
    "errorCount" : 0,
    "errorPct" : 0.0,
    "meanResTime" : 117.17647058823529,
    "medianResTime" : 108.5,
    "minResTime" : 79.0,
    "maxResTime" : 236.0,
    "pct1ResTime" : 157.0,
    "pct2ResTime" : 212.09999999999997,
    "pct3ResTime" : 235.64,
    "throughput" : 0.9006304413089162,
    "receivedKBytesPerSec" : 0.9815464575202641,
    "sentKBytesPerSec" : 0.4441585672470729
  },
  "2. 시험 입장" : {
    "transaction" : "2. 시험 입장",
    "sampleCount" : 102,
    "errorCount" : 0,
    "errorPct" : 0.0,
    "meanResTime" : 110.32352941176471,
    "medianResTime" : 102.0,
    "minResTime" : 80.0,
    "maxResTime" : 519.0,
    "pct1ResTime" : 126.7,
    "pct2ResTime" : 167.1499999999999,
    "pct3ResTime" : 509.0699999999996,
    "throughput" : 0.8895478131949592,
    "receivedKBytesPerSec" : 0.3335804299481097,
    "sentKBytesPerSec" : 0.6459032834779574
  },
  "4. 시험 제출" : {
    "transaction" : "4. 시험 제출",
    "sampleCount" : 102,
    "errorCount" : 0,
    "errorPct" : 0.0,
    "meanResTime" : 113.72549019607841,
    "medianResTime" : 100.0,
    "minResTime" : 74.0,
    "maxResTime" : 387.0,
    "pct1ResTime" : 166.20000000000002,
    "pct2ResTime" : 193.39999999999998,
    "pct3ResTime" : 383.27999999999986,
    "throughput" : 0.8569556231411625,
    "receivedKBytesPerSec" : 0.32135835867793594,
    "sentKBytesPerSec" : 0.6228287306974947
  }
}