{
  "Total" : {
    "transaction" : "Total",
    "sampleCount" : 321,
    "errorCount" : 2,
    "errorPct" : 0.62305295,
    "meanResTime" : 228.13707165109054,
    "medianResTime" : 144.0,
    "minResTime" : 26.0,
    "maxResTime" : 843.0,
    "pct1ResTime" : 449.8,
    "pct2ResTime" : 462.9,
    "pct3ResTime" : 618.2799999999979,
    "throughput" : 5.181598062953995,
    "receivedKBytesPerSec" : 3.2691434624697333,
    "sentKBytesPerSec" : 2.8163463478611783
  },
  "Auth" : {
    "transaction" : "Auth",
    "sampleCount" : 97,
    "errorCount" : 1,
    "errorPct" : 1.0309278,
    "meanResTime" : 452.2680412371134,
    "medianResTime" : 441.0,
    "minResTime" : 27.0,
    "maxResTime" : 843.0,
    "pct1ResTime" : 501.4,
    "pct2ResTime" : 531.0999999999998,
    "pct3ResTime" : 843.0,
    "throughput" : 1.5661074963269128,
    "receivedKBytesPerSec" : 0.8609744074624215,
    "sentKBytesPerSec" : 0.5102526054700744
  },
  "3. 시험 시작" : {
    "transaction" : "3. 시험 시작",
    "sampleCount" : 43,
    "errorCount" : 1,
    "errorPct" : 2.3255813,
    "meanResTime" : 148.41860465116284,
    "medianResTime" : 143.0,
    "minResTime" : 26.0,
    "maxResTime" : 249.0,
    "pct1ResTime" : 198.00000000000003,
    "pct2ResTime" : 220.79999999999995,
    "pct3ResTime" : 249.0,
    "throughput" : 1.332300542215337,
    "receivedKBytesPerSec" : 0.7034880906274207,
    "sentKBytesPerSec" : 0.9448525852052673
  },
  "5. 재응시" : {
    "transaction" : "5. 재응시",
    "sampleCount" : 10,
    "errorCount" : 0,
    "errorPct" : 0.0,
    "meanResTime" : 161.6,
    "medianResTime" : 151.5,
    "minResTime" : 103.0,
    "maxResTime" : 241.0,
    "pct1ResTime" : 240.3,
    "pct2ResTime" : 241.0,
    "pct3ResTime" : 241.0,
    "throughput" : 0.5644615037254459,
    "receivedKBytesPerSec" : 0.2116730638970422,
    "sentKBytesPerSec" : 0.40901409742605555
  },
  "1. 과목 정보" : {
    "transaction" : "1. 과목 정보",
    "sampleCount" : 82,
    "errorCount" : 0,
    "errorPct" : 0.0,
    "meanResTime" : 96.28048780487804,
    "medianResTime" : 90.0,
    "minResTime" : 79.0,
    "maxResTime" : 206.0,
    "pct1ResTime" : 122.60000000000002,
    "pct2ResTime" : 137.85,
    "pct3ResTime" : 206.0,
    "throughput" : 1.5517959199121911,
    "receivedKBytesPerSec" : 1.691215084591802,
    "sentKBytesPerSec" : 0.7652899800348208
  },
  "2. 시험 입장" : {
    "transaction" : "2. 시험 입장",
    "sampleCount" : 64,
    "errorCount" : 0,
    "errorPct" : 0.0,
    "meanResTime" : 138.95312499999991,
    "medianResTime" : 128.5,
    "minResTime" : 101.0,
    "maxResTime" : 326.0,
    "pct1ResTime" : 177.5,
    "pct2ResTime" : 225.25,
    "pct3ResTime" : 326.0,
    "throughput" : 1.4137397835210956,
    "receivedKBytesPerSec" : 0.5301524188204109,
    "sentKBytesPerSec" : 1.0278390421360724
  },
  "4. 시험 제출" : {
    "transaction" : "4. 시험 제출",
    "sampleCount" : 25,
    "errorCount" : 0,
    "errorPct" : 0.0,
    "meanResTime" : 183.04000000000002,
    "medianResTime" : 167.0,
    "minResTime" : 121.0,
    "maxResTime" : 377.0,
    "pct1ResTime" : 257.0,
    "pct2ResTime" : 340.9999999999999,
    "pct3ResTime" : 377.0,
    "throughput" : 1.1332215221431485,
    "receivedKBytesPerSec" : 0.4249580708036807,
    "sentKBytesPerSec" : 0.8230906633878791
  }
}