Label	# Samples	Average	Min	Max	Std. Dev.	Error %	Throughput	Received KB/sec	Sent KB/sec	Avg. Bytes
Auth	70	450	424	576	26.01	0.00%	1.13175	0.62	0.37	563
1. 과목 정보	102	107	75	211	29.7	0.00%	0.68635	0.75	0.34	1116
2. 시험 입장	102	89	61	191	17.61	0.00%	0.67519	0.25	0.49	384
3. 시험 시작	102	93	72	162	13.69	0.00%	0.68124	0.32	0.5	478
4. 시험 제출	102	108	69	339	35.96	0.00%	0.67852	0.25	0.49	384
5. 재응시	102	85	63	177	14.84	0.00%	0.68588	0.26	0.5	384
TOTAL	580	139	61	576	118.15	0.00%	2.2222	1.2	1.42	550.9
