Label	# Samples	Average	Min	Max	Std. Dev.	Error %	Throughput	Received KB/sec	Sent KB/sec	Avg. Bytes
Auth	100	457	422	672	44.98	0.00%	1.58238	0.87	0.52	563
1. 과목 정보	102	101	79	203	23.08	0.00%	0.86436	0.94	0.43	1116
2. 시험 입장	102	99	75	208	21.99	0.00%	0.88353	0.33	0.64	384
3. 시험 시작	102	94	68	216	25.22	0.00%	0.87634	0.41	0.64	478
4. 시험 제출	102	105	69	211	28.7	0.00%	0.84446	0.32	0.61	384
5. 재응시	102	88	64	208	17.52	0.00%	0.8469	0.32	0.62	384
TOTAL	610	156	64	672	136.35	0.00%	2.60982	1.41	1.62	551.5
